{
  "data": [
    {
      "activity_id": "a800574b-3272-f100-9be0-7c8d3d785bd4",
      "dt_completed": "2016-02-26T09:05:00Z",
      "dt_started": "2016-02-26T09:03:00Z",
      "items": [
        {
          "reference": "483871186",
          "response_ids": [
            "5bb9e683-b0b1-41d1-b78a-d254684f17e9_80000a1ad1b3c4253846fc46302e8730"
          ],
          "scoring": {
            "max_score": 1,
            "score": 1,
            "type": "per-question"
          },
          "source": {
            "item_pool_id": "ESCalate Lesson and Unit Assessments CA submission item pool_April 2015",
            "organisation_id": 49,
            "reference": "483871186"
          },
          "time": 8,
          "user_flagged": false
        },
        {
          "reference": "483871908",
          "response_ids": [
            "5bb9e683-b0b1-41d1-b78a-d254684f17e9_c77ee088442396a6fc9c29682aea0947"
          ],
          "scoring": {
            "max_score": 1,
            "score": 0,
            "type": "per-question"
          },
          "source": {
            "item_pool_id": "ESCalate Lesson and Unit Assessments CA submission item pool_April 2015",
            "organisation_id": 49,
            "reference": "483871908"
          },
          "time": 2,
          "user_flagged": false
        },
        {
          "reference": "483875970",
          "response_ids": [
            "5bb9e683-b0b1-41d1-b78a-d254684f17e9_53f344feb96e56e8d5d894bbed4f5257"
          ],
          "scoring": {
            "max_score": 1,
            "score": 0,
            "type": "per-question"
          },
          "source": {
            "item_pool_id": "ESCalate Lesson and Unit Assessments CA submission item pool_April 2015",
            "organisation_id": 49,
            "reference": "483875970"
          },
          "time": 1,
          "user_flagged": false
        },
        {
          "reference": "483876099",
          "response_ids": [
            "5bb9e683-b0b1-41d1-b78a-d254684f17e9_f764807379600454edacfc4e02035cbb"
          ],
          "scoring": {
            "max_score": 1,
            "score": 0,
            "type": "per-question"
          },
          "source": {
            "item_pool_id": "ESCalate Lesson and Unit Assessments CA submission item pool_April 2015",
            "organisation_id": 49,
            "reference": "483876099"
          },
          "time": 1,
          "user_flagged": false
        },
        {
          "reference": "483879353",
          "response_ids": [
            "5bb9e683-b0b1-41d1-b78a-d254684f17e9_a443523455f25a59796b3743840c97f9"
          ],
          "scoring": {
            "max_score": 1,
            "score": 0,
            "type": "per-question"
          },
          "source": {
            "item_pool_id": "ESCalate Lesson and Unit Assessments CA submission item pool_April 2015",
            "organisation_id": 49,
            "reference": "483879353"
          },
          "time": 1,
          "user_flagged": false
        },
        {
          "reference": "483879411",
          "response_ids": [
            "5bb9e683-b0b1-41d1-b78a-d254684f17e9_b812b55b839544b99114155fb316ed10"
          ],
          "scoring": {
            "max_score": 1,
            "score": 1,
            "type": "per-question"
          },
          "source": {
            "item_pool_id": "ESCalate Lesson and Unit Assessments CA submission item pool_April 2015",
            "organisation_id": 49,
            "reference": "483879411"
          },
          "time": 1,
          "user_flagged": false
        },
        {
          "reference": "483884169",
          "response_ids": [
            "5bb9e683-b0b1-41d1-b78a-d254684f17e9_ec0b2ab18e637f5b376a81e69e328441"
          ],
          "scoring": {
            "max_score": 1,
            "score": 0,
            "type": "per-question"
          },
          "source": {
            "item_pool_id": "ESCalate Lesson and Unit Assessments CA submission item pool_April 2015",
            "organisation_id": 49,
            "reference": "483884169"
          },
          "time": 1,
          "user_flagged": false
        },
        {
          "reference": "483887162",
          "response_ids": [
            "5bb9e683-b0b1-41d1-b78a-d254684f17e9_de4ef89ce85170664879915368fe40a8"
          ],
          "scoring": {
            "max_score": 1,
            "score": 1,
            "type": "per-question"
          },
          "source": {
            "item_pool_id": "ESCalate Lesson and Unit Assessments CA submission item pool_April 2015",
            "organisation_id": 49,
            "reference": "483887162"
          },
          "time": 1,
          "user_flagged": false
        },
        {
          "reference": "483889480",
          "response_ids": [
            "5bb9e683-b0b1-41d1-b78a-d254684f17e9_bbb1bf81eb790c5e6c644a5a8e11da09"
          ],
          "scoring": {
            "max_score": 1,
            "score": 0,
            "type": "per-question"
          },
          "source": {
            "item_pool_id": "ESCalate Lesson and Unit Assessments CA submission item pool_April 2015",
            "organisation_id": 49,
            "reference": "483889480"
          },
          "time": 1,
          "user_flagged": false
        },
        {
          "reference": "483891559",
          "response_ids": [
            "5bb9e683-b0b1-41d1-b78a-d254684f17e9_46c1828f45d8b8b1306b991545a7ccfd"
          ],
          "scoring": {
            "max_score": 1,
            "score": 0,
            "type": "per-question"
          },
          "source": {
            "item_pool_id": "ESCalate Lesson and Unit Assessments CA submission item pool_April 2015",
            "organisation_id": 49,
            "reference": "483891559"
          },
          "time": 1,
          "user_flagged": false
        },
        {
          "reference": "484296668",
          "response_ids": [
            "5bb9e683-b0b1-41d1-b78a-d254684f17e9_55c3a22dad9c11b539ef8579d4dda960"
          ],
          "scoring": {
            "max_score": 1,
            "score": 0,
            "type": "per-question"
          },
          "source": {
            "item_pool_id": "ESCalate Lesson and Unit Assessments CA submission item pool_April 2015",
            "organisation_id": 49,
            "reference": "484296668"
          },
          "time": 5,
          "user_flagged": false
        },
        {
          "reference": "484298593",
          "response_ids": [
            "5bb9e683-b0b1-41d1-b78a-d254684f17e9_7a6e3e663f058f2d0e568143701c74ad"
          ],
          "scoring": {
            "max_score": 1,
            "score": 1,
            "type": "per-question"
          },
          "source": {
            "item_pool_id": "ESCalate Lesson and Unit Assessments CA submission item pool_April 2015",
            "organisation_id": 49,
            "reference": "484298593"
          },
          "time": 2,
          "user_flagged": false
        },
        {
          "reference": "484303444",
          "response_ids": [
            "5bb9e683-b0b1-41d1-b78a-d254684f17e9_59968d9e15750f936c683f87ee05d305"
          ],
          "scoring": {
            "max_score": 2,
            "score": 0,
            "type": "per-question"
          },
          "source": {
            "item_pool_id": "ESCalate Lesson and Unit Assessments CA submission item pool_April 2015",
            "organisation_id": 49,
            "reference": "484303444"
          },
          "time": 3,
          "user_flagged": false
        },
        {
          "reference": "484305229",
          "response_ids": [
            "5bb9e683-b0b1-41d1-b78a-d254684f17e9_c51ee2f23793df4accfd9d4cf675476d"
          ],
          "scoring": {
            "max_score": 2,
            "score": 0,
            "type": "per-question"
          },
          "source": {
            "item_pool_id": "ESCalate Lesson and Unit Assessments CA submission item pool_April 2015",
            "organisation_id": 49,
            "reference": "484305229"
          },
          "time": 3,
          "user_flagged": false
        },
        {
          "reference": "484307288",
          "response_ids": [
            "5bb9e683-b0b1-41d1-b78a-d254684f17e9_7d00d886a4878a4be15cb347c1331e6b"
          ],
          "scoring": {
            "max_score": 1,
            "score": 0,
            "type": "per-question"
          },
          "source": {
            "item_pool_id": "ESCalate Lesson and Unit Assessments CA submission item pool_April 2015",
            "organisation_id": 49,
            "reference": "484307288"
          },
          "time": 2,
          "user_flagged": false
        },
        {
          "reference": "484308972",
          "response_ids": [
            "5bb9e683-b0b1-41d1-b78a-d254684f17e9_1ef0f06e619fd328b7c3799a70fc2882"
          ],
          "scoring": {
            "max_score": 1,
            "score": 1,
            "type": "per-question"
          },
          "source": {
            "item_pool_id": "ESCalate Lesson and Unit Assessments CA submission item pool_April 2015",
            "organisation_id": 49,
            "reference": "484308972"
          },
          "time": 3,
          "user_flagged": false
        },
        {
          "reference": "484311958",
          "response_ids": [
            "5bb9e683-b0b1-41d1-b78a-d254684f17e9_f9e37a5be9279872179f6de73ae7cd4f"
          ],
          "scoring": {
            "max_score": 1,
            "score": 0,
            "type": "per-question"
          },
          "source": {
            "item_pool_id": "ESCalate Lesson and Unit Assessments CA submission item pool_April 2015",
            "organisation_id": 49,
            "reference": "484311958"
          },
          "time": 2,
          "user_flagged": false
        },
        {
          "reference": "484312088",
          "response_ids": [
            "5bb9e683-b0b1-41d1-b78a-d254684f17e9_c07ca7ff7ef08855030e2e04193402dd"
          ],
          "scoring": {
            "max_score": 1,
            "score": 0,
            "type": "per-question"
          },
          "source": {
            "item_pool_id": "ESCalate Lesson and Unit Assessments CA submission item pool_April 2015",
            "organisation_id": 49,
            "reference": "484312088"
          },
          "time": 2,
          "user_flagged": false
        },
        {
          "reference": "484313083",
          "response_ids": [
            "5bb9e683-b0b1-41d1-b78a-d254684f17e9_1b947d0e7c62124d3c9c267f974e8b2f"
          ],
          "scoring": {
            "max_score": 1,
            "score": 0,
            "type": "per-question"
          },
          "source": {
            "item_pool_id": "ESCalate Lesson and Unit Assessments CA submission item pool_April 2015",
            "organisation_id": 49,
            "reference": "484313083"
          },
          "time": 3,
          "user_flagged": false
        },
        {
          "reference": "484316863",
          "response_ids": [
            "5bb9e683-b0b1-41d1-b78a-d254684f17e9_a19d1645940d3f16cd275c5c1d9f28ea"
          ],
          "scoring": {
            "max_score": 1,
            "score": 1,
            "type": "per-question"
          },
          "source": {
            "item_pool_id": "ESCalate Lesson and Unit Assessments CA submission item pool_April 2015",
            "organisation_id": 49,
            "reference": "484316863"
          },
          "time": 2,
          "user_flagged": false
        }
      ],
      "max_score": 22,
      "metadata": {
        "max_time": 86400,
        "user_agent": "Mozilla/5.0 (Windows NT 6.3) AppleWebKit/537.36 (KHTML, like Gecko) Chrome/46.0.2490.71 Safari/537.36"
      },
      "num_attempted": 20,
      "num_questions": 20,
      "responses": [
        {
          "automarkable": 1,
          "item_reference": "483871186",
          "max_score": 1,
          "question_reference": "483871186",
          "question_type": "mcq",
          "response": {
            "apiVersion": "v2.80.3",
            "type": "array",
            "value": [
              "1"
            ]
          },
          "response_id": "5bb9e683-b0b1-41d1-b78a-d254684f17e9_80000a1ad1b3c4253846fc46302e8730",
          "score": 1
        },
        {
          "automarkable": 1,
          "item_reference": "483871908",
          "max_score": 1,
          "question_reference": "483871908",
          "question_type": "mcq",
          "response": {
            "apiVersion": "v2.80.3",
            "type": "array",
            "value": [
              "0"
            ]
          },
          "response_id": "5bb9e683-b0b1-41d1-b78a-d254684f17e9_c77ee088442396a6fc9c29682aea0947",
          "score": 0
        },
        {
          "automarkable": 1,
          "item_reference": "483875970",
          "max_score": 1,
          "question_reference": "483875970",
          "question_type": "mcq",
          "response": {
            "apiVersion": "v2.80.3",
            "type": "array",
            "value": [
              "0"
            ]
          },
          "response_id": "5bb9e683-b0b1-41d1-b78a-d254684f17e9_53f344feb96e56e8d5d894bbed4f5257",
          "score": 0
        },
        {
          "automarkable": 1,
          "item_reference": "483876099",
          "max_score": 1,
          "question_reference": "483876099",
          "question_type": "mcq",
          "response": {
            "apiVersion": "v2.80.3",
            "type": "array",
            "value": [
              "1"
            ]
          },
          "response_id": "5bb9e683-b0b1-41d1-b78a-d254684f17e9_f764807379600454edacfc4e02035cbb",
          "score": 0
        },
        {
          "automarkable": 1,
          "item_reference": "483879353",
          "max_score": 1,
          "question_reference": "483879353",
          "question_type": "mcq",
          "response": {
            "apiVersion": "v2.80.3",
            "type": "array",
            "value": [
              "0"
            ]
          },
          "response_id": "5bb9e683-b0b1-41d1-b78a-d254684f17e9_a443523455f25a59796b3743840c97f9",
          "score": 0
        },
        {
          "automarkable": 1,
          "item_reference": "483879411",
          "max_score": 1,
          "question_reference": "483879411",
          "question_type": "mcq",
          "response": {
            "apiVersion": "v2.80.3",
            "type": "array",
            "value": [
              "1"
            ]
          },
          "response_id": "5bb9e683-b0b1-41d1-b78a-d254684f17e9_b812b55b839544b99114155fb316ed10",
          "score": 1
        },
        {
          "automarkable": 1,
          "item_reference": "483884169",
          "max_score": 1,
          "question_reference": "483884169",
          "question_type": "mcq",
          "response": {
            "apiVersion": "v2.80.3",
            "type": "array",
            "value": [
              "1"
            ]
          },
          "response_id": "5bb9e683-b0b1-41d1-b78a-d254684f17e9_ec0b2ab18e637f5b376a81e69e328441",
          "score": 0
        },
        {
          "automarkable": 1,
          "item_reference": "483887162",
          "max_score": 1,
          "question_reference": "483887162",
          "question_type": "mcq",
          "response": {
            "apiVersion": "v2.80.3",
            "type": "array",
            "value": [
              "2"
            ]
          },
          "response_id": "5bb9e683-b0b1-41d1-b78a-d254684f17e9_de4ef89ce85170664879915368fe40a8",
          "score": 1
        },
        {
          "automarkable": 1,
          "item_reference": "483889480",
          "max_score": 1,
          "question_reference": "483889480",
          "question_type": "mcq",
          "response": {
            "apiVersion": "v2.80.3",
            "type": "array",
            "value": [
              "1"
            ]
          },
          "response_id": "5bb9e683-b0b1-41d1-b78a-d254684f17e9_bbb1bf81eb790c5e6c644a5a8e11da09",
          "score": 0
        },
        {
          "automarkable": 1,
          "item_reference": "483891559",
          "max_score": 1,
          "question_reference": "483891559",
          "question_type": "mcq",
          "response": {
            "apiVersion": "v2.80.3",
            "type": "array",
            "value": [
              "1"
            ]
          },
          "response_id": "5bb9e683-b0b1-41d1-b78a-d254684f17e9_46c1828f45d8b8b1306b991545a7ccfd",
          "score": 0
        },
        {
          "automarkable": 1,
          "item_reference": "484296668",
          "max_score": 1,
          "question_reference": "484296668",
          "question_type": "clozeassociation",
          "response": {
            "apiVersion": "v2.80.3",
            "type": "array",
            "value": [
              "jumped"
            ]
          },
          "response_id": "5bb9e683-b0b1-41d1-b78a-d254684f17e9_55c3a22dad9c11b539ef8579d4dda960",
          "score": 0
        },
        {
          "automarkable": 1,
          "item_reference": "484298593",
          "max_score": 1,
          "question_reference": "484298593",
          "question_type": "clozeassociation",
          "response": {
            "apiVersion": "v2.80.3",
            "type": "array",
            "value": [
              "lunch"
            ]
          },
          "response_id": "5bb9e683-b0b1-41d1-b78a-d254684f17e9_7a6e3e663f058f2d0e568143701c74ad",
          "score": 1
        },
        {
          "automarkable": 1,
          "item_reference": "484303444",
          "max_score": 2,
          "question_reference": "484303444",
          "question_type": "clozeassociation",
          "response": {
            "apiVersion": "v2.80.3",
            "type": "array",
            "value": [
              "play",
              "talk"
            ]
          },
          "response_id": "5bb9e683-b0b1-41d1-b78a-d254684f17e9_59968d9e15750f936c683f87ee05d305",
          "score": 0
        },
        {
          "automarkable": 1,
          "item_reference": "484305229",
          "max_score": 2,
          "question_reference": "484305229",
          "question_type": "clozeassociation",
          "response": {
            "apiVersion": "v2.80.3",
            "type": "array",
            "value": [
              "children",
              "lives"
            ]
          },
          "response_id": "5bb9e683-b0b1-41d1-b78a-d254684f17e9_c51ee2f23793df4accfd9d4cf675476d",
          "score": 0
        },
        {
          "automarkable": 1,
          "item_reference": "484307288",
          "max_score": 1,
          "question_reference": "484307288",
          "question_type": "clozeassociation",
          "response": {
            "apiVersion": "v2.80.3",
            "type": "array",
            "value": [
              "essay"
            ]
          },
          "response_id": "5bb9e683-b0b1-41d1-b78a-d254684f17e9_7d00d886a4878a4be15cb347c1331e6b",
          "score": 0
        },
        {
          "automarkable": 1,
          "item_reference": "484308972",
          "max_score": 1,
          "question_reference": "484308972",
          "question_type": "clozeassociation",
          "response": {
            "apiVersion": "v2.80.3",
            "type": "array",
            "value": [
              "jumped"
            ]
          },
          "response_id": "5bb9e683-b0b1-41d1-b78a-d254684f17e9_1ef0f06e619fd328b7c3799a70fc2882",
          "score": 1
        },
        {
          "automarkable": 1,
          "item_reference": "484311958",
          "max_score": 1,
          "question_reference": "484311958",
          "question_type": "clozeassociation",
          "response": {
            "apiVersion": "v2.80.3",
            "type": "array",
            "value": [
              "lunch"
            ]
          },
          "response_id": "5bb9e683-b0b1-41d1-b78a-d254684f17e9_f9e37a5be9279872179f6de73ae7cd4f",
          "score": 0
        },
        {
          "automarkable": 1,
          "item_reference": "484312088",
          "max_score": 1,
          "question_reference": "484312088",
          "question_type": "clozeassociation",
          "response": {
            "apiVersion": "v2.80.3",
            "type": "array",
            "value": [
              "sirens"
            ]
          },
          "response_id": "5bb9e683-b0b1-41d1-b78a-d254684f17e9_c07ca7ff7ef08855030e2e04193402dd",
          "score": 0
        },
        {
          "automarkable": 1,
          "item_reference": "484313083",
          "max_score": 1,
          "question_reference": "484313083",
          "question_type": "clozeassociation",
          "response": {
            "apiVersion": "v2.80.3",
            "type": "array",
            "value": [
              "and"
            ]
          },
          "response_id": "5bb9e683-b0b1-41d1-b78a-d254684f17e9_1b947d0e7c62124d3c9c267f974e8b2f",
          "score": 0
        },
        {
          "automarkable": 1,
          "item_reference": "484316863",
          "max_score": 1,
          "question_reference": "484316863",
          "question_type": "clozeassociation",
          "response": {
            "apiVersion": "v2.80.3",
            "type": "array",
            "value": [
              "essay"
            ]
          },
          "response_id": "5bb9e683-b0b1-41d1-b78a-d254684f17e9_a19d1645940d3f16cd275c5c1d9f28ea",
          "score": 1
        }
      ],
      "school_id": null,
      "score": 6,
      "session_duration": 2,
      "session_id": "5bb9e683-b0b1-41d1-b78a-d254684f17e9",
      "status": "Completed",
      "subscores": null,
      "user_id": "1c42afb5-76f5-4c21-ad50-c87f8b16e2e6"
    }
  ],
  "meta": {
    "next": "196285",
    "records": 1,
    "status": true,
    "timestamp": 1456942203
  }

}
