<?xml version="1.0" encoding="UTF-8"?>
<configuration>

    <include resource="logback-config/logback-appenders.xml"/>

    <logger name="io.hmheng.scoring" level="info" />
    <logger name="org.apache.spark" level="ERROR" />

    <!-- common to all environments -->
    <appender name="LOGSTASH_CONSOLE" class="ch.qos.logback.core.ConsoleAppender">
        <encoder class="net.logstash.logback.encoder.LogstashEncoder">
            <includeContext>true</includeContext>
            <includeMdc>true</includeMdc>
        </encoder>
    </appender>

    <!-- Root Logger -->
    <root level="INFO">
        <appender-ref ref="LOGSTASH_CONSOLE" />
    </root>


</configuration>
