{
  "Job":{
    "TaskGroups":[
      {
        "Tasks":[
          {
            "Config":{
              "volumes":[
              ]},
              "Meta": {
                "spark.nomad.role": "driver"
              },
          }
        ]
      },
      {
        "Tasks":[
          {
            "Config":{
              "volumes":[
              ]},
            "Meta": {
              "spark.nomad.role": "executor"
            },
            "Env":{
            }
          }
        ]
      }
    ]
  }
}