<configuration>
    <property name="LOG_FILE" value="${LOG_PATH:-${LOG_TEMP:-${java.io.tmpdir:-/tmp}}}/spring-scoring-data-service.log"/>
    <include resource="org/springframework/boot/logging/logback/defaults.xml" />
    <include resource="org/springframework/boot/logging/logback/console-appender.xml" />
    <include resource="org/springframework/boot/logging/logback/file-appender.xml" />

    <appender name="LOGSTASH_CONSOLE" class="ch.qos.logback.core.ConsoleAppender">
        <encoder class="net.logstash.logback.encoder.LogstashEncoder">
            <includeContext>true</includeContext>
            <includeMdc>true</includeMdc>
        </encoder>
    </appender>



    <springProfile name="!local">
        <root level="INFO">
            <appender-ref ref="LOGSTASH_CONSOLE"/>
        </root>
    </springProfile>

    <springProfile name="local">
        <root level="INFO">
            <appender-ref ref="CONSOLE" />
            <!-- Uncomment the below line to test for local -->
            <!-- <appender-ref  ref="SENTRY"/> -->
        </root>
    </springProfile>

</configuration>